Feedback,Sentiment
Excellent service,Positive
Very satisfied,Positive
Amazing support,Positive
Good experience,Positive
Loved the product,Positive
Bad service,Negative
Not satisfied,Negative
Poor quality,Negative
Terrible support,Negative
Waste of money,Negative
Excellent service,Positive
Very satisfied,Positive
Amazing support,Positive
Good experience,Positive
Loved the product,Positive
Bad service,Negative
Not satisfied,Negative
Poor quality,Negative
Terrible support,Negative
Waste of money,Negative
Excellent service,Positive
Very satisfied,Positive
Amazing support,Positive
Good experience,Positive
Loved the product,Positive
Bad service,Negative
Not satisfied,Negative
Poor quality,Negative
Terrible support,Negative
Waste of money,Negative
Excellent service,Positive
Very satisfied,Positive
Amazing support,Positive
Good experience,Positive
Loved the product,Positive
Bad service,Negative
Not satisfied,Negative
Poor quality,Negative
Terrible support,Negative
Waste of money,Negative
Excellent service,Positive
Very satisfied,Positive
Amazing support,Positive
Good experience,Positive
Loved the product,Positive
Bad service,Negative
Not satisfied,Negative
Poor quality,Negative
Terrible support,Negative
Waste of money,Negative
Excellent service,Positive
Very satisfied,Positive
Amazing support,Positive
Good experience,Positive
Loved the product,Positive
Bad service,Negative
Not satisfied,Negative
Poor quality,Negative
Terrible support,Negative
Waste of money,Negative
Excellent service,Positive
Very satisfied,Positive
Amazing support,Positive
Good experience,Positive
Loved the product,Positive
Bad service,Negative
Not satisfied,Negative
Poor quality,Negative
Terrible support,Negative
Waste of money,Negative
Excellent service,Positive
Very satisfied,Positive
Amazing support,Positive
Good experience,Positive
Loved the product,Positive
Bad service,Negative
Not satisfied,Negative
Poor quality,Negative
Terrible support,Negative
Waste of money,Negative
Excellent service,Positive
Very satisfied,Positive
Amazing support,Positive
Good experience,Positive
Loved the product,Positive
Bad service,Negative
Not satisfied,Negative
Poor quality,Negative
Terrible support,Negative
Waste of money,Negative
Excellent service,Positive
Very satisfied,Positive
Amazing support,Positive
Good experience,Positive
Loved the product,Positive
Bad service,Negative
Not satisfied,Negative
Poor quality,Negative
Terrible support,Negative
Waste of money,Negative
